Группа A,,,,,,,,,,,,Группа B,,,,,,,,,
№,Команда,,В,П,Карты,Очки,МЕСТО,,,,,№,Команда,,В,П,Карты,Очки,МЕСТО,,
1,WINLINE,,3,0,6-1,3,1,@yunghanamiya,WINLINE,,,1,SZW,,2,1,4-2,2,2,@vibeQVM,SZW
2,BlackGold,,0,3,0-6,0,4,@Mayntu,BG,,,2,CyBeR,,3,0,6-0,3,1,@handrikovart,CBR
3,РКС,,2,1,5-2,2,2,@Mineral04ka,RKS,,,3,Трон Застрахован,,1,2,2-4,1,3,@imperian_fly,TZR
4,ATLET,,1,2,2-4,1,3,@Ierofey,ATLET,,,4,АНО ВО ПМ,,0,3,0-6,0,4,@svobodnyiagent, @АНО ВО ПМ
,,,,,,,,,,,,,,,,,,,,,
Расписание группы A. Формат встреч Bo3 - до двух побед,,,,,,,,,,,,Расписание группы B. Формат встреч Bo3 - до двух побед,,,,,,,,,
Дата,Время МСК,Раунд,№ встречи,Команда 1,,Счет,Команда 2,,Судья,,,Дата,Время МСК,Раунд,№ встречи,Команда 1,,Счет,Команда 2,,Судья
30 мая,9:00,I,1,WINLINE,,2:0,BlackGold,,Дмитрий М,,,30 мая,12:00,I,1,SZW,,0:2,CyBeR,,Егор С
30 мая,11:00,I,2,РКС,,2:0,ATLET,,Дарья К,,,30 мая,12:00,I,2,Трон Застрахован,,2:0 (ТП),АНО ВО ПМ,,Мария Б
31 мая,12:00,II,3,ATLET,,2:0,BlackGold,,Александр Р,,,31 мая,12:00,II,3,АНО ВО ПМ,,0:2,CyBeR,,Анастасия Т
31 мая,12:00,II,4,WINLINE,,2:1,РКС,,Артем М,,,31 мая,12:00,II,4,SZW,,2:0,Трон Застрахован,,Егор С
31 мая,15:30,III,5,ATLET,,0:2,WINLINE,,Александр Р,,,31 мая,15:30,III,5,АНО ВО ПМ,,0:2,SZW,,Анастасия Т
31 мая,9:00,III,6,BlackGold,,0:2,РКС,,Александр Р,,,31 мая,15:30,III,6,CyBeR,,2:0,Трон Застрахован,,Егор С
,,,,,,,,,,,,,,,,,,,,,
,,,,,,,,,,,,,,,,,,,,,
Группа C,,,,,,,,,,,,Группа D,,,,,,,,,
№,Команда,,В,П,Карты,Очки,МЕСТО,,,,,№,Команда,,В,П,Карты,Очки,МЕСТО,,
1,Evil Masters,,2,0,4-0,2,1,@xxxxmis58,EM,,,1,VK Esports,,3,0,6-0,3,1,@Haarhusss,VK
2,PowerCreeps,,1,1,2-2,1,2,@runaawayfromme,Creeps,,,2,NoBugs,,1,2,3-4,1,3,@gareeev,NB
3,Московский транспорт,,0,2,0-4,0,3,@LevEgor,MT,,,3,Kryptonite,,0,3,0-6,0,4,@LuFF71,Kryptonite
4,Вкусвилл,,,,,,-,,,,,4,СМ-Клиника,,2,1,4-3,2,2,@gxdsyndrxme,СМ
,,,,,,,,,,,,,,,,,,,,,
Расписание группы C. Формат встреч Bo3 - до двух побед,,,,,,,,,,,,Расписание группы D. Формат встреч Bo3 - до двух побед,,,,,,,,,
Дата,Время МСК,Раунд,№ встречи,Команда 1,,Счет,Команда 2,,Судья,,,Дата,Время МСК,Раунд,№ встречи,Команда 1,,Счет,Команда 2,,Судья
31 мая,18:00,I,1,Evil Masters,,2:0,PowerCreeps,,Лера,,,30 мая,12:00,I,3,СМ-Клиника,,2:1,NoBugs,,Денис М
30 мая,12:00,I,2,Московский транспорт,,,Вкусвилл,,,,,29 мая,21:00,I,4,VK Esports,,2:0,Kryptonite,,Лера
31 мая,12:00,II,3,Вкусвилл,,,PowerCreeps,,,,,31 мая,12:00,II,1,VK Esports,,2:0,NoBugs,,Денис М
31 мая,12:00,II,4,Evil Masters,,2:0,Московский транспорт,,Владимир Г,,,31 мая,12:00,II,2,Kryptonite,,0:2,СМ-Клиника,,Леша
31 мая,15:30,III,5,Вкусвилл,,,Evil Masters,,,,,31 мая,15:30,III,5,СМ-Клиника,,(тп) 0:2 ,VK Esports,,Денис М
31 мая,15:30,III,6,PowerCreeps,,2:0,Московский транспорт,,Артем М,,,31 мая,15:30,III,6,NoBugs,,2:0,Kryptonite,,Леша
,,,,,,,,,,,,,,,,,,,,,
,,,,,,,,,,,,,,,,,,,,,
Группа E,,,,,,,,,,,,Группа F,,,,,,,,,
№,Команда,,В,П,Карты,Очки,МЕСТО,,,,,№,Команда,,В,П,Карты,Очки,МЕСТО,,
1,KOMPETENTNO,,1,1,2-2,1,2,@Ivan_Shipunov,Raif ,,,1,Все инструменты,,1,1,2-2,1,2,@Zhora23,VIRU
2,No Mercy,,2,0,4-0,2,1,@VladikVodopadik5,Mercy ,,,2,CDEK,,1,0,2-0,1,1,@algirad,CDEK
3,Бюро1440,,0,2,0-4,0,3,@SKYPIDAREOZZZ,1440,,,3,Spectrum Esports,,0,1,0-2,0,3,@Y0karny_Babay,Spectrd2
4,ОЭК,,-,-,-,-,-,@sc_rapyard,ОЭК ,,,4,Огузки,,-,-,-,-,-,@Sergafa9,OGZ
,,,,,,,,,,,,,,,,,,,,,
Расписание группы E. Формат встреч Bo3 - до двух побед,,,,,,,,,,,,Расписание группы F. Формат встреч Bo3 - до двух побед,,,,,,,,,
Дата,Время МСК,Раунд,№ встречи,Команда 1,,Счет,Команда 2,,Судья,,,Дата,Время МСК,Раунд,№ встречи,Команда 1,,Счет,Команда 2,,Судья
30 мая,19:00,I,1,KOMPETENTNO,,0-2 (ТП),No Mercy,,Дмитрий М,,,30 мая,15:30,I,1,Все инструменты,,0:2,CDEK,,Егор С
30 мая,15:30,I,2,Бюро1440,,2:0 (ТП),ОЭК,,Дмитрий М,,,30 мая,15:30,I,2,Spectrum Esports,,2:0,Огузки,,Мария Б
31 мая,12:00,II,3,ОЭК,,0:2(тп),No Mercy,,Лера,,,31 мая,12:00,II,3,Огузки,,,CDEK,,Александр Т
31 мая,12:00,II,4,KOMPETENTNO,,2:0,Бюро1440,,Владимир Е,,,31 мая,12:00,II,4,Все инструменты,,2:0,Spectrum Esports,,Диана
31 мая,15:30,III,5,ОЭК,,0:2(тп),KOMPETENTNO,,Лера,,,31 мая,15:30,III,5,Огузки,,,Все инструменты,,Александр Т
31 мая,13:50,III,6,No Mercy,,2:0,Бюро1440,,Владимир Е,,,31 мая,15:30,III,6,CDEK,,2:0 (ТП),Spectrum Esports,,Диана
,,,,,,,,,,,,,,,,,,,,,
,,,,,,,,,,,,,,,,,,,,,
Группа G,,,,,,,,,,,,Группа H,,,,,,,,,
№,Команда,,В,П,Карты,Очки,МЕСТО,,,,,№,Команда,,В,П,Карты,Очки,МЕСТО,,
1,colodec,,1,1,2-2,1,2,@oneonexgod,cld,,,1,ДИТ,,0,1,0-2,0,2,@DMan_3Brat,DIT
2,INFORCE-GAMING,,2,0,4-1,2,1,@MelsonKosmos,INFORCE,,,2,Сухарики,,1,0,2-0,1,1,@slava_duplyakin,SUXARIKI
3,4Anchors+1,,0,2,0-4,0,3,@JohnIsaki,4+1,,,3,Кухня в смоке,,-,-,-,-,-,@gropato,Невидимый тег
4,ZUB RU,,,,,,-,@armen_0405,ZUBR ,,,4,YasRusya_Team,,-,-,-,-,-,@dgzh67,YR_T
,,,,,,,,,,,,,,,,,,,,,
Расписание группы G. Формат встреч Bo3 - до двух побед,,,,,,,,,,,,Расписание группы H. Формат встреч Bo3 - до двух побед,,,,,,,,,
Дата,Время МСК,Раунд,№ встречи,Команда 1,,Счет,Команда 2,,Судья,,,Дата,Время МСК,Раунд,№ встречи,Команда 1,,Счет,Команда 2,,Судья
30 мая,15:30,I,1,colodec,,1-2,INFORCE-GAMING,,Илья Л,,,31 мая,17:30,I,1,ДИТ,,0:2,Сухарики,,Владимир Г
31 мая,18:00,I,2,4Anchors+1,,-,ZUB RU,,Александр Р,,,30 мая,9:00,I,2,Кухня в смоке,,2:0,YasRusya_Team,,Константин К
31 мая,12:00,II,3,ZUB RU,,-,INFORCE-GAMING,,Дмитрий М,,,31 мая,12:00,II,3,YasRusya_Team,,-,Сухарики,,Денис Д
31 мая,12:00,II,4,colodec,,2:0,4Anchors+1,,Мария Б,,,31 мая,12:00,II,4,ДИТ,,2:0,Кухня в смоке,,Надя
31 мая,15:30,III,5,ZUB RU,,-,colodec,,Дмитрий М,,,31 мая,15:30,III,5,YasRusya_Team,,-,ДИТ,,Денис Д
31 мая,15:30,III,6,INFORCE-GAMING,,2:0,4Anchors+1,,Мария Б,,,31 мая,15:30,III,6,Сухарики,,2:0 (ТП),Кухня в смоке,,Надя